run_id,source,file_name,file_hash,ingested_at,raw_path,status
ING-20261004_154838,branch_local_assets,branch_local_assets.xlsx,12ef4ac08d3686380ad6b54d537bdfb33e90fe2d3187523775f4bdcc5210d8fc,2026-10-04T15:48:38,data\raw\ING-20261004_154838\branch_local_assets.xlsx,INGESTED
ING-20261004_154838,customer_master,customer_master.xlsx,bc23950d1c56e1fd076914983fc78071356d469e96cc888a82c7a0971ec0a91c,2026-10-04T15:48:38,data\raw\ING-20261004_154838\customer_master.xlsx,INGESTED
ING-20261004_154838,department_master,department_master.xlsx,a3e7ae844eb7409f2c6308d5e11309a4009a00aa73b9a820442e30e5826f5766,2026-10-04T15:48:38,data\raw\ING-20261004_154838\department_master.xlsx,INGESTED
ING-20261004_154838,fixed_assets_erp,fixed_assets_erp.xlsx,7029a1828bd8beb45f106aa0e3bba57777dd59421cf31d5cd95755bc75a124f2,2026-10-04T15:48:38,data\raw\ING-20261004_154838\fixed_assets_erp.xlsx,INGESTED
ING-20261004_154838,general_ledger,general_ledger.xlsx,0a34a6f584e5cb0704920248a825c31dc92a189deaba47d5a6ec0c19080a67a3,2026-10-04T15:48:38,data\raw\ING-20261004_154838\general_ledger.xlsx,INGESTED
ING-20261004_154838,goods_receipts,goods_receipts.xlsx,e3430d6d97c0cd151af4f88e7c547b528b6e207f6ca9ed2098cf4ed6888f0460,2026-10-04T15:48:38,data\raw\ING-20261004_154838\goods_receipts.xlsx,INGESTED
ING-20261004_154838,inventory_movements,inventory_movements.xlsx,fc8a82f026557de564e000fff9ff3f4798d2893e09d2903872bed151a5604457,2026-10-04T15:48:38,data\raw\ING-20261004_154838\inventory_movements.xlsx,INGESTED
ING-20261004_154838,operating_expenses,operating_expenses.xlsx,d6d12eb44945f9b554458218fa8b76a49736265a114dd06ab022779339e23f5b,2026-10-04T15:48:38,data\raw\ING-20261004_154838\operating_expenses.xlsx,INGESTED
ING-20261004_154838,product_master,product_master.xlsx,babcbcac8a8f453e7f8240ee6da95c39678e8881f7822282413ae994ab789142,2026-10-04T15:48:38,data\raw\ING-20261004_154838\product_master.xlsx,INGESTED
ING-20261004_154838,product_supplier,product_supplier.xlsx,d288ae3e99551dc2686b51a885acf60fff81bac86b6afd9681ec82c6d3270bd6,2026-10-04T15:48:38,data\raw\ING-20261004_154838\product_supplier.xlsx,INGESTED
ING-20261004_154838,purchase_orders,purchase_orders.xlsx,413936af3783f1bdb8710c898d0e417398a95337ca15dcd1f49c13feac5a37b1,2026-10-04T15:48:38,data\raw\ING-20261004_154838\purchase_orders.xlsx,INGESTED
ING-20261004_154838,purchase_order_lines,purchase_order_lines.xlsx,f8e5b1cb57fef295d2fd68f9810b8483378277ad5e9ad78b3965030a89a30b83,2026-10-04T15:48:38,data\raw\ING-20261004_154838\purchase_order_lines.xlsx,INGESTED
ING-20261004_154838,sales_lines,sales_lines.xlsx,8a4dcf6ef93d5ea3fff221f7a8a03996555def1740bd393f5362e365c6c4b2fe,2026-10-04T15:48:38,data\raw\ING-20261004_154838\sales_lines.xlsx,INGESTED
ING-20261004_154838,sales_transactions,sales_transactions.xlsx,2be9521bac4a0df4f40dcd574d51f5280b4210607c5002d207efcc4173d1131f,2026-10-04T15:48:38,data\raw\ING-20261004_154838\sales_transactions.xlsx,INGESTED
ING-20261004_154838,site_master,site_master.xlsx,c34c377cb5180346598ca60276dd097c8f3326c4b6510356c18e61e3a07a94ce,2026-10-04T15:48:38,data\raw\ING-20261004_154838\site_master.xlsx,INGESTED
ING-20261004_154838,supplier_invoices,supplier_invoices.xlsx,0bc3819f4f122514b406c31f4bbb97dcd5803da231423954e8efaab59b038355,2026-10-04T15:48:38,data\raw\ING-20261004_154838\supplier_invoices.xlsx,INGESTED
ING-20261004_154838,supplier_master,supplier_master.xlsx,c1b8aae5397337373902891d629b3d7d5741de41d3b0920a0321255dae8b3e06,2026-10-04T15:48:38,data\raw\ING-20261004_154838\supplier_master.xlsx,INGESTED
ING-20261004_154838,supplier_rebates,supplier_rebates.xlsx,9d9ef219980b61afa2230f6efbc43eb71282d0a71b1d4f7ef56fc7626f4fdb2c,2026-10-04T15:48:38,data\raw\ING-20261004_154838\supplier_rebates.xlsx,INGESTED
ING-20261004_154838,branch_cashup,cashups\S001_SHIFT-000001_20260921_Cashup.pdf,5c39849ff3a2436d72496650155c8b77c654a24769e01087987a90f317bda5cc,2026-10-04T15:48:38,data\raw\ING-20261004_154838\cashups\S001_SHIFT-000001_20260921_Cashup.pdf,INGESTED
ING-20261004_154838,branch_cashup,cashups\S001_SHIFT-000002_20260921_Cashup.pdf,21455be17d49446845b35d93c310a0bcf9d442a47f184acf19c3df9914b1ceea,2026-10-04T15:48:38,data\raw\ING-20261004_154838\cashups\S001_SHIFT-000002_20260921_Cashup.pdf,INGESTED
ING-20261004_154838,branch_cashup,cashups\S001_SHIFT-000003_20260921_Cashup.pdf,2fe9958a744e0c5e0ef72597277722275f34618d958922ae2cd1dc271fc4fc75,2026-10-04T15:48:38,data\raw\ING-20261004_154838\cashups\S001_SHIFT-000003_20260921_Cashup.pdf,INGESTED
ING-20261004_154838,branch_cashup,cashups\S001_SHIFT-000004_20260921_Cashup.pdf,94a47cbb73eb32c5bebec6f325f80d87f14fb59347de278011e73f0e9fe72d8d,2026-10-04T15:48:38,data\raw\ING-20261004_154838\cashups\S001_SHIFT-000004_20260921_Cashup.pdf,INGESTED
ING-20261004_154838,branch_cashup,cashups\S001_SHIFT-000017_20260922_Cashup.pdf,4bd3b383339f839a4c710b052cc8f2eb81a559f5e04419744ecf0a6a6a339661,2026-10-04T15:48:38,data\raw\ING-20261004_154838\cashups\S001_SHIFT-000017_20260922_Cashup.pdf,INGESTED
ING-20261004_154838,branch_cashup,cashups\S001_SHIFT-000018_20260922_Cashup.pdf,f203bac0acde958b1e3e0e716bad5da9bbb0d54e2620209ff95d13fce679e462,2026-10-04T15:48:38,data\raw\ING-20261004_154838\cashups\S001_SHIFT-000018_20260922_Cashup.pdf,INGESTED
ING-20261004_154838,branch_cashup,cashups\S001_SHIFT-000019_20260922_Cashup.pdf,80e06e58a098e947c8073d026e4a75fd7d75e9dd14a4b8f9efb88ea5e921097b,2026-10-04T15:48:38,data\raw\ING-20261004_154838\cashups\S001_SHIFT-000019_20260922_Cashup.pdf,INGESTED
ING-20261004_154838,branch_cashup,cashups\S001_SHIFT-000020_20260922_Cashup.pdf,6dfac3170679f293c8c9196090ab784e4cb5c2fbe9c8124314ce7005d5a10e93,2026-10-04T15:48:38,data\raw\ING-20261004_154838\cashups\S001_SHIFT-000020_20260922_Cashup.pdf,INGESTED
ING-20261004_154838,branch_cashup,cashups\S001_SHIFT-000033_20260923_Cashup.pdf,cc8dc122b08bda5995c1065b1bc9253e126157bc37c56464d529e411a3db474e,2026-10-04T15:48:38,data\raw\ING-20261004_154838\cashups\S001_SHIFT-000033_20260923_Cashup.pdf,INGESTED
ING-20261004_154838,branch_cashup,cashups\S001_SHIFT-000034_20260923_Cashup.pdf,4f0e15d010051292510c07075db6bc494340ffe70b02d164ec02404852fcd952,2026-10-04T15:48:38,data\raw\ING-20261004_154838\cashups\S001_SHIFT-000034_20260923_Cashup.pdf,INGESTED
ING-20261004_154838,branch_cashup,cashups\S001_SHIFT-000035_20260923_Cashup.pdf,b5b95a8925afba43131c023647e6167601fac5a528d0227ad5197e45396668a6,2026-10-04T15:48:38,data\raw\ING-20261004_154838\cashups\S001_SHIFT-000035_20260923_Cashup.pdf,INGESTED
ING-20261004_154838,branch_cashup,cashups\S001_SHIFT-000036_20260923_Cashup.pdf,17166f0a571ae0422da6e123cf8d1e249eef0e63238a18241e8568d954305614,2026-10-04T15:48:38,data\raw\ING-20261004_154838\cashups\S001_SHIFT-000036_20260923_Cashup.pdf,INGESTED
ING-20261004_154838,branch_cashup,cashups\S001_SHIFT-000049_20260924_Cashup.pdf,0afac9f3542ce96a52867b3dffa7f60455334d7ef48b01504742a16db40abe10,2026-10-04T15:48:38,data\raw\ING-20261004_154838\cashups\S001_SHIFT-000049_20260924_Cashup.pdf,INGESTED
ING-20261004_154838,branch_cashup,cashups\S001_SHIFT-000050_20260924_Cashup.pdf,c94f2cc543630ee64303dc1642a725edf0d65c3c58173462bb2c82fcf11a8dbe,2026-10-04T15:48:38,data\raw\ING-20261004_154838\cashups\S001_SHIFT-000050_20260924_Cashup.pdf,INGESTED
ING-20261004_154838,branch_cashup,cashups\S001_SHIFT-000051_20260924_Cashup.pdf,20c1d390b2f73125f34cb41e25622a6cb9083d4b2b81d485156702e0cb5375b5,2026-10-04T15:48:38,data\raw\ING-20261004_154838\cashups\S001_SHIFT-000051_20260924_Cashup.pdf,INGESTED
ING-20261004_154838,branch_cashup,cashups\S001_SHIFT-000052_20260924_Cashup.pdf,04756365bd80eb9cbfb34803c3219bc6878b6755e43d469d16aae30bf0d56880,2026-10-04T15:48:38,data\raw\ING-20261004_154838\cashups\S001_SHIFT-000052_20260924_Cashup.pdf,INGESTED
ING-20261004_154838,branch_cashup,cashups\S001_SHIFT-000065_20260925_Cashup.pdf,c4da67a1ea6032af30ccf9d4f9269eaaf27950a21f0e1991a011b463d2ed6b68,2026-10-04T15:48:38,data\raw\ING-20261004_154838\cashups\S001_SHIFT-000065_20260925_Cashup.pdf,INGESTED
ING-20261004_154838,branch_cashup,cashups\S001_SHIFT-000066_20260925_Cashup.pdf,ecf4adc68ae04d32bcca6ca5f781c4c53f74e8515fe39bdf9f8a359a382d4f28,2026-10-04T15:48:38,data\raw\ING-20261004_154838\cashups\S001_SHIFT-000066_20260925_Cashup.pdf,INGESTED
ING-20261004_154838,branch_cashup,cashups\S001_SHIFT-000067_20260925_Cashup.pdf,58e47b5f56802137a90e97f2cbe3e93ecc1f4ad6521659ef75b9cba6b4552007,2026-10-04T15:48:38,data\raw\ING-20261004_154838\cashups\S001_SHIFT-000067_20260925_Cashup.pdf,INGESTED
ING-20261004_154838,branch_cashup,cashups\S001_SHIFT-000068_20260925_Cashup.pdf,fb6ddaf44e430c78312490e64abef557560e074e3982b78db1c5ee69ce9c4b5d,2026-10-04T15:48:38,data\raw\ING-20261004_154838\cashups\S001_SHIFT-000068_20260925_Cashup.pdf,INGESTED
ING-20261004_154838,branch_cashup,cashups\S001_SHIFT-000081_20260926_Cashup.pdf,14030ba7742dddd979a863a488504b5a123e02aa490a40cc7924655491181cd5,2026-10-04T15:48:38,data\raw\ING-20261004_154838\cashups\S001_SHIFT-000081_20260926_Cashup.pdf,INGESTED
ING-20261004_154838,branch_cashup,cashups\S001_SHIFT-000083_20260926_Cashup.pdf,b736a326b900787c5f545540004c43a592bf76452d22e5a8de95caaa464fc1b5,2026-10-04T15:48:38,data\raw\ING-20261004_154838\cashups\S001_SHIFT-000083_20260926_Cashup.pdf,INGESTED
ING-20261004_154838,branch_cashup,cashups\S001_SHIFT-000084_20260926_Cashup.pdf,2921472d53836fe344282c2598e353d96779f9e3a17c856721c974faefe4f7d9,2026-10-04T15:48:38,data\raw\ING-20261004_154838\cashups\S001_SHIFT-000084_20260926_Cashup.pdf,INGESTED
ING-20261004_154838,branch_cashup,cashups\S001_SHIFT-000097_20260927_Cashup.pdf,3fb76be02ea4e9867406b8aa43c678ed551717bfab6fec67f4357b3f77ebc6ba,2026-10-04T15:48:38,data\raw\ING-20261004_154838\cashups\S001_SHIFT-000097_20260927_Cashup.pdf,INGESTED
ING-20261004_154838,branch_cashup,cashups\S001_SHIFT-000098_20260927_Cashup.pdf,a830647e0cad8da300450e01287e170603e521b4ccb970c92fd656021d682a7f,2026-10-04T15:48:38,data\raw\ING-20261004_154838\cashups\S001_SHIFT-000098_20260927_Cashup.pdf,INGESTED
ING-20261004_154838,branch_cashup,cashups\S001_SHIFT-000099_20260927_Cashup.pdf,d22ebd1c776e844998e77c7b7b7451808862534d935f0f47e37333cb5da1a533,2026-10-04T15:48:38,data\raw\ING-20261004_154838\cashups\S001_SHIFT-000099_20260927_Cashup.pdf,INGESTED
ING-20261004_154838,branch_cashup,cashups\S001_SHIFT-000100_20260927_Cashup.pdf,401d30a280763c8f6fba1dc5e0cd2c7ae5e9d1a6a3e847f6666a2de4c485cbf0,2026-10-04T15:48:38,data\raw\ING-20261004_154838\cashups\S001_SHIFT-000100_20260927_Cashup.pdf,INGESTED
ING-20261004_154838,branch_cashup,cashups\S002_SHIFT-000005_20260921_Cashup.pdf,c74be88d6dd78c8eb4dd9566b2ae52d69b837d00a7418595e4aa66f846f4cb80,2026-10-04T15:48:38,data\raw\ING-20261004_154838\cashups\S002_SHIFT-000005_20260921_Cashup.pdf,INGESTED
ING-20261004_154838,branch_cashup,cashups\S002_SHIFT-000006_20260921_Cashup.pdf,72ebb6e5d81e29275b28d21b7682c01bd3dbbfcb38771ddd2c125832666df704,2026-10-04T15:48:38,data\raw\ING-20261004_154838\cashups\S002_SHIFT-000006_20260921_Cashup.pdf,INGESTED
ING-20261004_154838,branch_cashup,cashups\S002_SHIFT-000007_20260921_Cashup.pdf,08e058b73c1407105c395608bb2c5bd526fd79f2a09c77bb71fdc3a35bc6dca7,2026-10-04T15:48:38,data\raw\ING-20261004_154838\cashups\S002_SHIFT-000007_20260921_Cashup.pdf,INGESTED
ING-20261004_154838,branch_cashup,cashups\S002_SHIFT-000008_20260921_Cashup.pdf,22f774eeed494c62f9bf029825afcd8528c74ae6e771265168f36eb96d06aaa5,2026-10-04T15:48:38,data\raw\ING-20261004_154838\cashups\S002_SHIFT-000008_20260921_Cashup.pdf,INGESTED
ING-20261004_154838,branch_cashup,cashups\S002_SHIFT-000021_20260922_Cashup.pdf,8036c2d5010abbb5bbc3a00e3178fc95f978c3d4baaeb1c98364eea6ab92ac76,2026-10-04T15:48:38,data\raw\ING-20261004_154838\cashups\S002_SHIFT-000021_20260922_Cashup.pdf,INGESTED
ING-20261004_154838,branch_cashup,cashups\S002_SHIFT-000022_20260922_Cashup.pdf,cd0356b5d1bbf0ca1a6706dc13e0d0937f40544ee7b5fd778df4a683ed53760e,2026-10-04T15:48:38,data\raw\ING-20261004_154838\cashups\S002_SHIFT-000022_20260922_Cashup.pdf,INGESTED
ING-20261004_154838,branch_cashup,cashups\S002_SHIFT-000023_20260922_Cashup.pdf,64dbd7455d46d894f6aedbee377d7a78c781f84b5523d5989595be7f7375c5c1,2026-10-04T15:48:38,data\raw\ING-20261004_154838\cashups\S002_SHIFT-000023_20260922_Cashup.pdf,INGESTED
ING-20261004_154838,branch_cashup,cashups\S002_SHIFT-000024_20260922_Cashup.pdf,849f881eaadf6661aaa42c0cef4a8c75fdb03db182039328fb87a09be334a9ba,2026-10-04T15:48:38,data\raw\ING-20261004_154838\cashups\S002_SHIFT-000024_20260922_Cashup.pdf,INGESTED
ING-20261004_154838,branch_cashup,cashups\S002_SHIFT-000037_20260923_Cashup.pdf,75f5b55ad7fe3ae9965286be5aa333f3117360edcbd4ade90327e355548fd954,2026-10-04T15:48:38,data\raw\ING-20261004_154838\cashups\S002_SHIFT-000037_20260923_Cashup.pdf,INGESTED
ING-20261004_154838,branch_cashup,cashups\S002_SHIFT-000038_20260923_Cashup.pdf,d71bef489528669bd13503e17175ccf387d84b8cfcc077176279c73caf114a18,2026-10-04T15:48:38,data\raw\ING-20261004_154838\cashups\S002_SHIFT-000038_20260923_Cashup.pdf,INGESTED
ING-20261004_154838,branch_cashup,cashups\S002_SHIFT-000039_20260923_Cashup.pdf,16af7ae58c48d54ff7049b301a5d955d5904e6e5d7b9d13807a6b8de9a051d06,2026-10-04T15:48:38,data\raw\ING-20261004_154838\cashups\S002_SHIFT-000039_20260923_Cashup.pdf,INGESTED
ING-20261004_154838,branch_cashup,cashups\S002_SHIFT-000040_20260923_Cashup.pdf,f18ac26b366e30a30c533955464c699b902109a2690f41dd8e597c05ac23a115,2026-10-04T15:48:38,data\raw\ING-20261004_154838\cashups\S002_SHIFT-000040_20260923_Cashup.pdf,INGESTED
ING-20261004_154838,branch_cashup,cashups\S002_SHIFT-000053_20260924_Cashup.pdf,bbda0727bc556f6869d4df355bf44f86414fe9ae72a03b64420fe4f5335a7617,2026-10-04T15:48:38,data\raw\ING-20261004_154838\cashups\S002_SHIFT-000053_20260924_Cashup.pdf,INGESTED
ING-20261004_154838,branch_cashup,cashups\S002_SHIFT-000054_20260924_Cashup.pdf,ad7b933a0c21e3d36efd6d27d4bab303bd38678d54424602d9c8266306a5f778,2026-10-04T15:48:38,data\raw\ING-20261004_154838\cashups\S002_SHIFT-000054_20260924_Cashup.pdf,INGESTED
ING-20261004_154838,branch_cashup,cashups\S002_SHIFT-000055_20260924_Cashup.pdf,4ba88f2fc7667126900666c8813589ea1037b1c3602c51ccd09afd1a52ee2485,2026-10-04T15:48:38,data\raw\ING-20261004_154838\cashups\S002_SHIFT-000055_20260924_Cashup.pdf,INGESTED
ING-20261004_154838,branch_cashup,cashups\S002_SHIFT-000056_20260924_Cashup.pdf,b30ae9eacccb5bee591e5e606e0320ed567de133ad58825c6a34b9b3cd6babfe,2026-10-04T15:48:38,data\raw\ING-20261004_154838\cashups\S002_SHIFT-000056_20260924_Cashup.pdf,INGESTED
ING-20261004_154838,branch_cashup,cashups\S002_SHIFT-000069_20260925_Cashup.pdf,d30569787c7a79522238aad0ba68cda9d5a0a8287907b64fba0dfbf5e13b316d,2026-10-04T15:48:38,data\raw\ING-20261004_154838\cashups\S002_SHIFT-000069_20260925_Cashup.pdf,INGESTED
ING-20261004_154838,branch_cashup,cashups\S002_SHIFT-000070_20260925_Cashup.pdf,a7ec0da00ac4860d6a3423d44917e131b70e73fd4d60683b09ddaaf23b740cac,2026-10-04T15:48:38,data\raw\ING-20261004_154838\cashups\S002_SHIFT-000070_20260925_Cashup.pdf,INGESTED
ING-20261004_154838,branch_cashup,cashups\S002_SHIFT-000071_20260925_Cashup.pdf,aa16e566e5682c2607d71250c28c6f0481aea2b475f112f3f4ac34af27224572,2026-10-04T15:48:38,data\raw\ING-20261004_154838\cashups\S002_SHIFT-000071_20260925_Cashup.pdf,INGESTED
ING-20261004_154838,branch_cashup,cashups\S002_SHIFT-000072_20260925_Cashup.pdf,87bf4c4e77b5f9a697ac4f8c1254a6ed9388eb52c82e9357c139d71e572cc843,2026-10-04T15:48:38,data\raw\ING-20261004_154838\cashups\S002_SHIFT-000072_20260925_Cashup.pdf,INGESTED
ING-20261004_154838,branch_cashup,cashups\S002_SHIFT-000085_20260926_Cashup.pdf,f78ecd11db7f84d1bb99b894cb8dea2e0389600bf5a4741877721fd491f9d82f,2026-10-04T15:48:38,data\raw\ING-20261004_154838\cashups\S002_SHIFT-000085_20260926_Cashup.pdf,INGESTED
ING-20261004_154838,branch_cashup,cashups\S002_SHIFT-000086_20260926_Cashup.pdf,4f26202202fdd36cc3bb1bba8753d5605c887e47647896b7715e279a9bc37d73,2026-10-04T15:48:38,data\raw\ING-20261004_154838\cashups\S002_SHIFT-000086_20260926_Cashup.pdf,INGESTED
ING-20261004_154838,branch_cashup,cashups\S002_SHIFT-000087_20260926_Cashup.pdf,d2a9139e02d8f4fe3c365ef0ea68ca5e99cf1dced5633829dd8ba79e64f02c8c,2026-10-04T15:48:38,data\raw\ING-20261004_154838\cashups\S002_SHIFT-000087_20260926_Cashup.pdf,INGESTED
ING-20261004_154838,branch_cashup,cashups\S002_SHIFT-000088_20260926_Cashup.pdf,9e561a61da9d5e2045bd57a9334be3b4583774462487a51d819e5e93be43a4a3,2026-10-04T15:48:38,data\raw\ING-20261004_154838\cashups\S002_SHIFT-000088_20260926_Cashup.pdf,INGESTED
ING-20261004_154838,branch_cashup,cashups\S002_SHIFT-000101_20260927_Cashup.pdf,a54354c19712ab9d78e4503b1bbe77c543f49d07f3df18359ca44f84c1bc4549,2026-10-04T15:48:38,data\raw\ING-20261004_154838\cashups\S002_SHIFT-000101_20260927_Cashup.pdf,INGESTED
ING-20261004_154838,branch_cashup,cashups\S002_SHIFT-000102_20260927_Cashup.pdf,6830a9ccd02832b78fb0f8771a4cb2839815579ced45a917432385fdaca03b64,2026-10-04T15:48:38,data\raw\ING-20261004_154838\cashups\S002_SHIFT-000102_20260927_Cashup.pdf,INGESTED
ING-20261004_154838,branch_cashup,cashups\S002_SHIFT-000103_20260927_Cashup.pdf,6b004d420ab646ed20ef06910856fdef753506f2b53a03a21f986755014d12b3,2026-10-04T15:48:38,data\raw\ING-20261004_154838\cashups\S002_SHIFT-000103_20260927_Cashup.pdf,INGESTED
ING-20261004_154838,branch_cashup,cashups\S002_SHIFT-000104_20260927_Cashup.pdf,0182774c259f7691078e4633869462d193755ce3e973eec89fbb6d23b30728aa,2026-10-04T15:48:38,data\raw\ING-20261004_154838\cashups\S002_SHIFT-000104_20260927_Cashup.pdf,INGESTED
ING-20261004_154838,branch_cashup,cashups\S003_SHIFT-000009_20260921_Cashup.pdf,1764edb13b321f65ae697435dc70f8803096af134d48a90df651e5cddfcc9559,2026-10-04T15:48:38,data\raw\ING-20261004_154838\cashups\S003_SHIFT-000009_20260921_Cashup.pdf,INGESTED
ING-20261004_154838,branch_cashup,cashups\S003_SHIFT-000010_20260921_Cashup.pdf,0158426793a1c718bf83fb8fb53663a4a15d932891c1e6e7567feae65688ac3b,2026-10-04T15:48:38,data\raw\ING-20261004_154838\cashups\S003_SHIFT-000010_20260921_Cashup.pdf,INGESTED
ING-20261004_154838,branch_cashup,cashups\S003_SHIFT-000011_20260921_Cashup.pdf,fe4849b94d1734db6b10e0bc31bf074fcb4946d8184c1ac1663172b92b123a27,2026-10-04T15:48:38,data\raw\ING-20261004_154838\cashups\S003_SHIFT-000011_20260921_Cashup.pdf,INGESTED
ING-20261004_154838,branch_cashup,cashups\S003_SHIFT-000012_20260921_Cashup.pdf,eab7644beeaf325465251acbc3a5556097d79b2ff84e565fb1c82955ce6619bf,2026-10-04T15:48:38,data\raw\ING-20261004_154838\cashups\S003_SHIFT-000012_20260921_Cashup.pdf,INGESTED
ING-20261004_154838,branch_cashup,cashups\S003_SHIFT-000025_20260922_Cashup.pdf,edea01c833b89821d5cf8472c32de3eb538297a33da9cef1852b97601d71fbff,2026-10-04T15:48:38,data\raw\ING-20261004_154838\cashups\S003_SHIFT-000025_20260922_Cashup.pdf,INGESTED
ING-20261004_154838,branch_cashup,cashups\S003_SHIFT-000026_20260922_Cashup.pdf,693502303c845b3e00f0fea5aebee00bf49a01f64215ffdbbeeb09a66866e94d,2026-10-04T15:48:38,data\raw\ING-20261004_154838\cashups\S003_SHIFT-000026_20260922_Cashup.pdf,INGESTED
ING-20261004_154838,branch_cashup,cashups\S003_SHIFT-000027_20260922_Cashup.pdf,b983b4af73de7072a6e38fbbaabafbdb30d4b2a912daa0c70f34e77de665fb67,2026-10-04T15:48:38,data\raw\ING-20261004_154838\cashups\S003_SHIFT-000027_20260922_Cashup.pdf,INGESTED
ING-20261004_154838,branch_cashup,cashups\S003_SHIFT-000028_20260922_Cashup.pdf,a70ef3906671bd1b324826ef24278f1cf9c2f07c3ec3791c9025e40fca27a7f9,2026-10-04T15:48:38,data\raw\ING-20261004_154838\cashups\S003_SHIFT-000028_20260922_Cashup.pdf,INGESTED
ING-20261004_154838,branch_cashup,cashups\S003_SHIFT-000041_20260923_Cashup.pdf,0e2eda6165132fadc4ce47ff0edf7ac7b18f29d66f6eb46c90ff6be453494598,2026-10-04T15:48:38,data\raw\ING-20261004_154838\cashups\S003_SHIFT-000041_20260923_Cashup.pdf,INGESTED
ING-20261004_154838,branch_cashup,cashups\S003_SHIFT-000042_20260923_Cashup.pdf,dd8c6238b3d1c63bd8deae56b171b35f4a397e63fbbced5cfe8255b92717cdcf,2026-10-04T15:48:38,data\raw\ING-20261004_154838\cashups\S003_SHIFT-000042_20260923_Cashup.pdf,INGESTED
ING-20261004_154838,branch_cashup,cashups\S003_SHIFT-000043_20260923_Cashup.pdf,03653125738dd06f87a65a25561ade61533941832c28e47bfd2cedb5ce00975f,2026-10-04T15:48:38,data\raw\ING-20261004_154838\cashups\S003_SHIFT-000043_20260923_Cashup.pdf,INGESTED
ING-20261004_154838,branch_cashup,cashups\S003_SHIFT-000044_20260923_Cashup.pdf,729896b5af3fbcd4f1fabd4d8a87d305ae0253ea16f2d3d824e523beac61bfc3,2026-10-04T15:48:38,data\raw\ING-20261004_154838\cashups\S003_SHIFT-000044_20260923_Cashup.pdf,INGESTED
ING-20261004_154838,branch_cashup,cashups\S003_SHIFT-000057_20260924_Cashup.pdf,49795c822f2735c109089b63fcdf40818afbdefdf5380695ef29ddfc0dd85856,2026-10-04T15:48:38,data\raw\ING-20261004_154838\cashups\S003_SHIFT-000057_20260924_Cashup.pdf,INGESTED
ING-20261004_154838,branch_cashup,cashups\S003_SHIFT-000058_20260924_Cashup.pdf,3642ab7d259ecc36ce9d97d47927a243ef7e9ccbada94c5e3b4d82a698a9ccf2,2026-10-04T15:48:38,data\raw\ING-20261004_154838\cashups\S003_SHIFT-000058_20260924_Cashup.pdf,INGESTED
ING-20261004_154838,branch_cashup,cashups\S003_SHIFT-000059_20260924_Cashup.pdf,813fffc5366f1c5c8a497206d3d27e8afe3cd85be290f1e968c4a7fe75e9b359,2026-10-04T15:48:38,data\raw\ING-20261004_154838\cashups\S003_SHIFT-000059_20260924_Cashup.pdf,INGESTED
ING-20261004_154838,branch_cashup,cashups\S003_SHIFT-000060_20260924_Cashup.pdf,e18c903eeefa50e2607b00fcd390ec57dc66361f323635e200445509f4564867,2026-10-04T15:48:38,data\raw\ING-20261004_154838\cashups\S003_SHIFT-000060_20260924_Cashup.pdf,INGESTED
ING-20261004_154838,branch_cashup,cashups\S003_SHIFT-000073_20260925_Cashup.pdf,c10e063e455afb152b57bb6b21f1b1f031a4f659036b4ae372f5051d13d7406a,2026-10-04T15:48:38,data\raw\ING-20261004_154838\cashups\S003_SHIFT-000073_20260925_Cashup.pdf,INGESTED
ING-20261004_154838,branch_cashup,cashups\S003_SHIFT-000074_20260925_Cashup.pdf,1fdfb581837738afebc27fdb90575ff5cfa23c6285154de00ffc51d8d83ba9fa,2026-10-04T15:48:38,data\raw\ING-20261004_154838\cashups\S003_SHIFT-000074_20260925_Cashup.pdf,INGESTED
ING-20261004_154838,branch_cashup,cashups\S003_SHIFT-000075_20260925_Cashup.pdf,1b768f26bedb898783e315bae8b2c70a74880d0ea4eea67c33c9f5be879d84a8,2026-10-04T15:48:38,data\raw\ING-20261004_154838\cashups\S003_SHIFT-000075_20260925_Cashup.pdf,INGESTED
ING-20261004_154838,branch_cashup,cashups\S003_SHIFT-000076_20260925_Cashup.pdf,a0625fa9db85078fafe6ccb9c611b536ff30730117ad55864fe8df6c14bec393,2026-10-04T15:48:38,data\raw\ING-20261004_154838\cashups\S003_SHIFT-000076_20260925_Cashup.pdf,INGESTED
ING-20261004_154838,branch_cashup,cashups\S003_SHIFT-000089_20260926_Cashup.pdf,1b485947212add57f53bf14e3a106768c3de24a207e5ee46625ff99d571976ec,2026-10-04T15:48:38,data\raw\ING-20261004_154838\cashups\S003_SHIFT-000089_20260926_Cashup.pdf,INGESTED
ING-20261004_154838,branch_cashup,cashups\S003_SHIFT-000090_20260926_Cashup.pdf,27126b454ed9eeb59c7deff6f31edf2317f576b71c25473e867c2df212c76d16,2026-10-04T15:48:38,data\raw\ING-20261004_154838\cashups\S003_SHIFT-000090_20260926_Cashup.pdf,INGESTED
ING-20261004_154838,branch_cashup,cashups\S003_SHIFT-000091_20260926_Cashup.pdf,b504b2127f97c5d4d8cf9d5eadf7cdba3a459039a495e22fbe2af8db91f50163,2026-10-04T15:48:38,data\raw\ING-20261004_154838\cashups\S003_SHIFT-000091_20260926_Cashup.pdf,INGESTED
ING-20261004_154838,branch_cashup,cashups\S003_SHIFT-000092_20260926_Cashup.pdf,2b0a56d790f09a374d817394e1dfc9165c4a0e45d9d18a04dd066d4ca279bfb5,2026-10-04T15:48:38,data\raw\ING-20261004_154838\cashups\S003_SHIFT-000092_20260926_Cashup.pdf,INGESTED
ING-20261004_154838,branch_cashup,cashups\S003_SHIFT-000105_20260927_Cashup.pdf,7de1c26d9c40870bab0123219cbff765136ca5c9f3aaec2d01722e6b5abacb80,2026-10-04T15:48:38,data\raw\ING-20261004_154838\cashups\S003_SHIFT-000105_20260927_Cashup.pdf,INGESTED
ING-20261004_154838,branch_cashup,cashups\S003_SHIFT-000106_20260927_Cashup.pdf,e7574d996414314b333d1924624b64e88e7282e01582726f468d3169a38d82df,2026-10-04T15:48:38,data\raw\ING-20261004_154838\cashups\S003_SHIFT-000106_20260927_Cashup.pdf,INGESTED
ING-20261004_154838,branch_cashup,cashups\S003_SHIFT-000107_20260927_Cashup.pdf,9f78789eb0e0d06f0537d1dda2981d8c68b9f699c24e79067a219ec0fc878713,2026-10-04T15:48:38,data\raw\ING-20261004_154838\cashups\S003_SHIFT-000107_20260927_Cashup.pdf,INGESTED
ING-20261004_154838,branch_cashup,cashups\S003_SHIFT-000108_20260927_Cashup.pdf,d5fa218194202b7801bb673137ff9f31d13e2304482723852f6c9b4ee244b9c5,2026-10-04T15:48:38,data\raw\ING-20261004_154838\cashups\S003_SHIFT-000108_20260927_Cashup.pdf,INGESTED
ING-20261004_154838,branch_cashup,cashups\S004_SHIFT-000013_20260921_Cashup.pdf,75f40403c648ec7627ca696156113b1bfa903044b7c4b7f2597ef67c91142182,2026-10-04T15:48:38,data\raw\ING-20261004_154838\cashups\S004_SHIFT-000013_20260921_Cashup.pdf,INGESTED
ING-20261004_154838,branch_cashup,cashups\S004_SHIFT-000014_20260921_Cashup.pdf,57cd3fea7d0509d15f438e125f571c7e233dfc2e27c5beef4c46d3a9748ccb6f,2026-10-04T15:48:39,data\raw\ING-20261004_154838\cashups\S004_SHIFT-000014_20260921_Cashup.pdf,INGESTED
ING-20261004_154838,branch_cashup,cashups\S004_SHIFT-000015_20260921_Cashup.pdf,0efb79289abdc58d8bfef238f81ffec19bbb6cf56a5b208ff902bbe79e42ec4f,2026-10-04T15:48:39,data\raw\ING-20261004_154838\cashups\S004_SHIFT-000015_20260921_Cashup.pdf,INGESTED
ING-20261004_154838,branch_cashup,cashups\S004_SHIFT-000016_20260921_Cashup.pdf,f20271e649ec8ec89c4a83c85e06f50bea8e29779f0dd00a028eb0e0f74d023d,2026-10-04T15:48:39,data\raw\ING-20261004_154838\cashups\S004_SHIFT-000016_20260921_Cashup.pdf,INGESTED
ING-20261004_154838,branch_cashup,cashups\S004_SHIFT-000029_20260922_Cashup.pdf,11a16da27ddc050cb7d2520869f7998dc0ec7c2898d46d330dfef64e0283e530,2026-10-04T15:48:39,data\raw\ING-20261004_154838\cashups\S004_SHIFT-000029_20260922_Cashup.pdf,INGESTED
ING-20261004_154838,branch_cashup,cashups\S004_SHIFT-000030_20260922_Cashup.pdf,e379c030685f7c05b4b3e67a97f7e30ffac8af84e9ddbd163857b997dadee008,2026-10-04T15:48:39,data\raw\ING-20261004_154838\cashups\S004_SHIFT-000030_20260922_Cashup.pdf,INGESTED
ING-20261004_154838,branch_cashup,cashups\S004_SHIFT-000031_20260922_Cashup.pdf,8fd2c7a60d9721f2a120ce8daa766c002ef2df9d21adcd0601acd1abc3ef93ab,2026-10-04T15:48:39,data\raw\ING-20261004_154838\cashups\S004_SHIFT-000031_20260922_Cashup.pdf,INGESTED
ING-20261004_154838,branch_cashup,cashups\S004_SHIFT-000032_20260922_Cashup.pdf,abf9bc3d4244b08100c0b9ce319757cc4e657e646e84d17dd55ebbd4f39d9f77,2026-10-04T15:48:39,data\raw\ING-20261004_154838\cashups\S004_SHIFT-000032_20260922_Cashup.pdf,INGESTED
ING-20261004_154838,branch_cashup,cashups\S004_SHIFT-000045_20260923_Cashup.pdf,2cb0a309c01c9bbef88fcd124b90f4e2b509a1131c72a63735149fba8488b887,2026-10-04T15:48:39,data\raw\ING-20261004_154838\cashups\S004_SHIFT-000045_20260923_Cashup.pdf,INGESTED
ING-20261004_154838,branch_cashup,cashups\S004_SHIFT-000046_20260923_Cashup.pdf,b3cdc48f1dcbfecdc0f5bef1de036876989533c3c3ec53b802b5a938d7654aab,2026-10-04T15:48:39,data\raw\ING-20261004_154838\cashups\S004_SHIFT-000046_20260923_Cashup.pdf,INGESTED
ING-20261004_154838,branch_cashup,cashups\S004_SHIFT-000047_20260923_Cashup.pdf,07df4fca4446a4d6a647a88771d7892a87277badcfa537e5a718b4604e6d5ec8,2026-10-04T15:48:39,data\raw\ING-20261004_154838\cashups\S004_SHIFT-000047_20260923_Cashup.pdf,INGESTED
ING-20261004_154838,branch_cashup,cashups\S004_SHIFT-000048_20260923_Cashup.pdf,80e63d3f36147d443a47c5f1f70c306296b1bddb5cc32cb44752256128d9ccaa,2026-10-04T15:48:39,data\raw\ING-20261004_154838\cashups\S004_SHIFT-000048_20260923_Cashup.pdf,INGESTED
ING-20261004_154838,branch_cashup,cashups\S004_SHIFT-000061_20260924_Cashup.pdf,d091c43e8311e70f2467656f5f471adf570e47fad45541fab4b14c74931b1f8d,2026-10-04T15:48:39,data\raw\ING-20261004_154838\cashups\S004_SHIFT-000061_20260924_Cashup.pdf,INGESTED
ING-20261004_154838,branch_cashup,cashups\S004_SHIFT-000062_20260924_Cashup.pdf,9fd662bb1d1c2ccdac4e0770fc515e553fd51a31a0ea78280e7a4b677977fecc,2026-10-04T15:48:39,data\raw\ING-20261004_154838\cashups\S004_SHIFT-000062_20260924_Cashup.pdf,INGESTED
ING-20261004_154838,branch_cashup,cashups\S004_SHIFT-000063_20260924_Cashup.pdf,2fe2c52c7576200f95f3f687684f1697b1b473da87f00dfa541250787deaf8b5,2026-10-04T15:48:39,data\raw\ING-20261004_154838\cashups\S004_SHIFT-000063_20260924_Cashup.pdf,INGESTED
ING-20261004_154838,branch_cashup,cashups\S004_SHIFT-000064_20260924_Cashup.pdf,cacb693175b5678fe9a2c9389ce1f66a49193dc88708a2ab78c9e4383c00de48,2026-10-04T15:48:39,data\raw\ING-20261004_154838\cashups\S004_SHIFT-000064_20260924_Cashup.pdf,INGESTED
ING-20261004_154838,branch_cashup,cashups\S004_SHIFT-000077_20260925_Cashup.pdf,754751daff8e83ecb780df48ec5881dbc0c7f176fdfe48d5e4c7278f3fe318a6,2026-10-04T15:48:39,data\raw\ING-20261004_154838\cashups\S004_SHIFT-000077_20260925_Cashup.pdf,INGESTED
ING-20261004_154838,branch_cashup,cashups\S004_SHIFT-000078_20260925_Cashup.pdf,94bde385ee872b322e7776e3f1f90226f943feda164b4400eec2e736f08a1a13,2026-10-04T15:48:39,data\raw\ING-20261004_154838\cashups\S004_SHIFT-000078_20260925_Cashup.pdf,INGESTED
ING-20261004_154838,branch_cashup,cashups\S004_SHIFT-000079_20260925_Cashup.pdf,f3bd353b39a806233e1d27905ef9989d7780c8ca7b39182084b30496befafb44,2026-10-04T15:48:39,data\raw\ING-20261004_154838\cashups\S004_SHIFT-000079_20260925_Cashup.pdf,INGESTED
ING-20261004_154838,branch_cashup,cashups\S004_SHIFT-000080_20260925_Cashup.pdf,56a303cb2f75f71ddb2f7f4d69d5c95f31a1259be9eba0171208452b889044f5,2026-10-04T15:48:39,data\raw\ING-20261004_154838\cashups\S004_SHIFT-000080_20260925_Cashup.pdf,INGESTED
ING-20261004_154838,branch_cashup,cashups\S004_SHIFT-000093_20260926_Cashup.pdf,f980570850af41d04c4c9497b8d016f42662ec23443cda702d2d4203253af8f6,2026-10-04T15:48:39,data\raw\ING-20261004_154838\cashups\S004_SHIFT-000093_20260926_Cashup.pdf,INGESTED
ING-20261004_154838,branch_cashup,cashups\S004_SHIFT-000094_20260926_Cashup.pdf,db0aafdf8c3be8b11e0f55d27fb48a9017b02d0914182200b9a14eb88b07f4a4,2026-10-04T15:48:39,data\raw\ING-20261004_154838\cashups\S004_SHIFT-000094_20260926_Cashup.pdf,INGESTED
ING-20261004_154838,branch_cashup,cashups\S004_SHIFT-000095_20260926_Cashup.pdf,c34c48a8f4ab29030f548ba26e27d9a378ab78c18b8a5a77f401df8d42ad8459,2026-10-04T15:48:39,data\raw\ING-20261004_154838\cashups\S004_SHIFT-000095_20260926_Cashup.pdf,INGESTED
ING-20261004_154838,branch_cashup,cashups\S004_SHIFT-000096_20260926_Cashup.pdf,475d186717ebaf5db8857d5aed0301558f73970676321d7dff144daa87ff897e,2026-10-04T15:48:39,data\raw\ING-20261004_154838\cashups\S004_SHIFT-000096_20260926_Cashup.pdf,INGESTED
ING-20261004_154838,branch_cashup,cashups\S004_SHIFT-000109_20260927_Cashup.pdf,c68208684b98494de80c46f0635220ec343199c6fbf01e8ec9da4a56b6aa045d,2026-10-04T15:48:39,data\raw\ING-20261004_154838\cashups\S004_SHIFT-000109_20260927_Cashup.pdf,INGESTED
ING-20261004_154838,branch_cashup,cashups\S004_SHIFT-000110_20260927_Cashup.pdf,f52d60a09aa8c8f8615a2ce6705fb74d25f99b0770f63ca803e32042fb92fe34,2026-10-04T15:48:39,data\raw\ING-20261004_154838\cashups\S004_SHIFT-000110_20260927_Cashup.pdf,INGESTED
ING-20261004_154838,branch_cashup,cashups\S004_SHIFT-000111_20260927_Cashup.pdf,4faba6e24cfce43eca65b186d76a23a4683c513dabd467db041aa7339dcd7dc8,2026-10-04T15:48:39,data\raw\ING-20261004_154838\cashups\S004_SHIFT-000111_20260927_Cashup.pdf,INGESTED
ING-20261004_154838,branch_cashup,cashups\S004_SHIFT-000112_20260927_Cashup.pdf,7a761f39881be4ef93b68f2c86b693b310bafc7bcfe2741504707a2776591b91,2026-10-04T15:48:39,data\raw\ING-20261004_154838\cashups\S004_SHIFT-000112_20260927_Cashup.pdf,INGESTED
